{"cameraMode":{"drawMode":0,"name":"Shaded","section":"Shading Mode"},"sceneLighting":false,"audioPlay":false,"sceneViewState":{"m_AlwaysRefresh":false,"showFog":true,"showSkybox":false,"showFlares":true,"showImageEffects":true,"showParticleSystems":true,"showVisualEffectGraphs":true,"m_FxEnabled":true},"in2DMode":false,"pivot":{"x":0.060405731201171878,"y":2.1440532207489015,"z":-0.4041663110256195},"rotation":{"x":-0.2986471354961395,"y":0.008451600559055806,"z":-0.0019463335629552603,"w":-0.9542150497436523},"size":2.3295555114746095,"orthographic":false}