{"cameraMode":{"drawMode":0,"name":"Shaded","section":"Shading Mode"},"sceneLighting":false,"audioPlay":false,"sceneViewState":{"m_AlwaysRefresh":false,"showFog":true,"showSkybox":false,"showFlares":true,"showImageEffects":true,"showParticleSystems":true,"showVisualEffectGraphs":true,"m_FxEnabled":true},"in2DMode":false,"pivot":{"x":-0.6999998092651367,"y":3.6151187419891359,"z":-44.21799850463867},"rotation":{"x":0.1692923903465271,"y":0.11142615228891373,"z":-0.019914446398615838,"w":0.978932797908783},"size":1.5167222023010255,"orthographic":false}