{"cameraMode":{"drawMode":0,"name":"Shaded","section":"Shading Mode"},"sceneLighting":false,"audioPlay":false,"sceneViewState":{"m_AlwaysRefresh":false,"showFog":true,"showSkybox":false,"showFlares":true,"showImageEffects":true,"showParticleSystems":true,"showVisualEffectGraphs":true,"m_FxEnabled":true},"in2DMode":false,"pivot":{"x":-0.10180994123220444,"y":0.3551536500453949,"z":-0.12726551294326783},"rotation":{"x":-0.23715141415596009,"y":-0.662862241268158,"z":0.23550139367580415,"w":-0.6698465943336487},"size":0.8660253882408142,"orthographic":false}